mean_fit_time,std_fit_time,mean_score_time,std_score_time,param_model__colsample_bytree,param_model__learning_rate,param_model__max_depth,param_model__n_estimators,param_model__reg_lambda,param_model__subsample,params,split0_test_score,split1_test_score,split2_test_score,mean_test_score,std_test_score,rank_test_score
1.6050743261973064,0.24575968912901655,0.03224698702494303,0.00799233498161253,0.8,0.05,3,200,0.5,0.8,"{'model__colsample_bytree': 0.8, 'model__learning_rate': 0.05, 'model__max_depth': 3, 'model__n_estimators': 200, 'model__reg_lambda': 0.5, 'model__subsample': 0.8}",0.9341993587395576,0.919012005042644,0.9256837276324084,0.92629836380487,0.006215424967887687,57
1.586789846420288,0.04678649589762133,0.037233988444010414,0.0009403242932146254,0.8,0.05,3,200,0.5,1.0,"{'model__colsample_bytree': 0.8, 'model__learning_rate': 0.05, 'model__max_depth': 3, 'model__n_estimators': 200, 'model__reg_lambda': 0.5, 'model__subsample': 1.0}",0.9343032598049483,0.9186827556406072,0.9245437666101863,0.9258432606852472,0.006442905722595903,61
2.0252843697865806,0.0038488446446862676,0.03789838155110677,5.947204250930057e-07,0.8,0.05,3,200,1.0,0.8,"{'model__colsample_bytree': 0.8, 'model__learning_rate': 0.05, 'model__max_depth': 3, 'model__n_estimators': 200, 'model__reg_lambda': 1.0, 'model__subsample': 0.8}",0.9338251218071032,0.9187704563842648,0.9249786285179332,0.9258580689031004,0.00617742121448202,60
1.8344613711039226,0.012223684048046834,0.038231611251831055,0.002617302889817556,0.8,0.05,3,200,1.0,1.0,"{'model__colsample_bytree': 0.8, 'model__learning_rate': 0.05, 'model__max_depth': 3, 'model__n_estimators': 200, 'model__reg_lambda': 1.0, 'model__subsample': 1.0}",0.933799425046113,0.9178319841044631,0.9240894321644411,0.9252402804383392,0.006569278568631418,62
2.4601221879323325,0.0028601204278661018,0.05585034688313802,0.0024436668375078206,0.8,0.05,3,400,0.5,0.8,"{'model__colsample_bytree': 0.8, 'model__learning_rate': 0.05, 'model__max_depth': 3, 'model__n_estimators': 400, 'model__reg_lambda': 0.5, 'model__subsample': 0.8}",0.9405275946078986,0.928053134164449,0.934042500374958,0.9342077430491017,0.005094017386098828,36
1.0525310039520264,0.7384092094247409,0.04953416188557943,0.0009406615888592967,0.8,0.05,3,400,0.5,1.0,"{'model__colsample_bytree': 0.8, 'model__learning_rate': 0.05, 'model__max_depth': 3, 'model__n_estimators': 400, 'model__reg_lambda': 0.5, 'model__subsample': 1.0}",0.9405389576264868,0.9254870698631557,0.9316643237685514,0.9325634504193978,0.006177710086036525,46
0.9737308820088705,0.00463074554560519,0.05186049143473307,0.0008141988154170404,0.8,0.05,3,400,1.0,0.8,"{'model__colsample_bytree': 0.8, 'model__learning_rate': 0.05, 'model__max_depth': 3, 'model__n_estimators': 400, 'model__reg_lambda': 1.0, 'model__subsample': 0.8}",0.9393482172537856,0.9272189365824031,0.9336927379176246,0.9334199639179377,0.0049555132019783316,43
0.624995231628418,0.023912553654772926,0.050531864166259766,0.0009400433293432923,0.8,0.05,3,400,1.0,1.0,"{'model__colsample_bytree': 0.8, 'model__learning_rate': 0.05, 'model__max_depth': 3, 'model__n_estimators': 400, 'model__reg_lambda': 1.0, 'model__subsample': 1.0}",0.9404889751983181,0.9238658695907779,0.9301884243045219,0.931514423031206,0.0068508206066735565,53
0.6020580927530924,0.020231499235099187,0.047206878662109375,0.002617666429228673,0.8,0.05,4,200,0.5,0.8,"{'model__colsample_bytree': 0.8, 'model__learning_rate': 0.05, 'model__max_depth': 4, 'model__n_estimators': 200, 'model__reg_lambda': 0.5, 'model__subsample': 0.8}",0.9417457399077827,0.9268797279433745,0.9328570538822964,0.9338275072444846,0.006107695295151211,39
0.40824119249979657,0.021457376948139605,0.04720719655354818,0.006166110144636775,0.8,0.05,4,200,0.5,1.0,"{'model__colsample_bytree': 0.8, 'model__learning_rate': 0.05, 'model__max_depth': 4, 'model__n_estimators': 200, 'model__reg_lambda': 0.5, 'model__subsample': 1.0}",0.938836138736367,0.925717247153925,0.9318367523493023,0.9321300460798648,0.005359778913180219,51
0.61701766649882,0.04540027482431513,0.04388236999511719,0.001410739326787763,0.8,0.05,4,200,1.0,0.8,"{'model__colsample_bytree': 0.8, 'model__learning_rate': 0.05, 'model__max_depth': 4, 'model__n_estimators': 200, 'model__reg_lambda': 1.0, 'model__subsample': 0.8}",0.9425804390313894,0.9274876873358491,0.9318220364618072,0.9339633876096819,0.006344910138039121,37
0.4345051447550456,0.022806811194622963,0.04288562138875326,0.0008139067262188723,0.8,0.05,4,200,1.0,1.0,"{'model__colsample_bytree': 0.8, 'model__learning_rate': 0.05, 'model__max_depth': 4, 'model__n_estimators': 200, 'model__reg_lambda': 1.0, 'model__subsample': 1.0}",0.9396273910241956,0.9247104723458002,0.929109630834868,0.9311491647349546,0.006258242011495305,55
1.118675708770752,0.04237784016874468,0.07047804196675618,0.0016953106134787058,0.8,0.05,4,400,0.5,0.8,"{'model__colsample_bytree': 0.8, 'model__learning_rate': 0.05, 'model__max_depth': 4, 'model__n_estimators': 400, 'model__reg_lambda': 0.5, 'model__subsample': 0.8}",0.9468790021219882,0.9363346113363171,0.9421276170682295,0.9417804101755115,0.004311725001280362,14
0.7287184397379557,0.02925130169918678,0.06449405352274577,0.00376124095816961,0.8,0.05,4,400,0.5,1.0,"{'model__colsample_bytree': 0.8, 'model__learning_rate': 0.05, 'model__max_depth': 4, 'model__n_estimators': 400, 'model__reg_lambda': 0.5, 'model__subsample': 1.0}",0.9479824774826562,0.9321715016284838,0.9403573998542979,0.940170459655146,0.00645615723393049,27
1.1505903402964275,0.059642619335384825,0.0764621098836263,0.006582607192747075,0.8,0.05,4,400,1.0,0.8,"{'model__colsample_bytree': 0.8, 'model__learning_rate': 0.05, 'model__max_depth': 4, 'model__n_estimators': 400, 'model__reg_lambda': 1.0, 'model__subsample': 0.8}",0.9480029012088766,0.9361050286268605,0.9422089260627732,0.9421056186328367,0.004857835410501461,10
0.767283042271932,0.031172425525541652,0.06449389457702637,0.004484728166626404,0.8,0.05,4,400,1.0,1.0,"{'model__colsample_bytree': 0.8, 'model__learning_rate': 0.05, 'model__max_depth': 4, 'model__n_estimators': 400, 'model__reg_lambda': 1.0, 'model__subsample': 1.0}",0.9474998833990904,0.931250049238765,0.9380064253429582,0.9389187859936046,0.006665262136738296,32
0.5661534468332926,0.028598190797617468,0.04122320810953776,0.004017076998494216,0.8,0.1,3,200,0.5,0.8,"{'model__colsample_bytree': 0.8, 'model__learning_rate': 0.1, 'model__max_depth': 3, 'model__n_estimators': 200, 'model__reg_lambda': 0.5, 'model__subsample': 0.8}",0.940696480256718,0.9273295287066088,0.933287233462204,0.9337710808085102,0.005467749666705536,41
0.37433552742004395,0.015883060694919085,0.04454477628072103,0.0004751357214549023,0.8,0.1,3,200,0.5,1.0,"{'model__colsample_bytree': 0.8, 'model__learning_rate': 0.1, 'model__max_depth': 3, 'model__n_estimators': 200, 'model__reg_lambda': 0.5, 'model__subsample': 1.0}",0.9402023746183734,0.9243193864872181,0.9320347479265091,0.9321855030107002,0.006485078941445103,50
0.6126952171325684,0.01728030389026345,0.04421504338582357,0.00047013408649250444,0.8,0.1,3,200,1.0,0.8,"{'model__colsample_bytree': 0.8, 'model__learning_rate': 0.1, 'model__max_depth': 3, 'model__n_estimators': 200, 'model__reg_lambda': 1.0, 'model__subsample': 0.8}",0.9404487218906398,0.9279083536147497,0.9326583150784484,0.9336717968612792,0.00516949824237229,42
0.442482868830363,0.018647512761025612,0.0515291690826416,0.005777135905220753,0.8,0.1,3,200,1.0,1.0,"{'model__colsample_bytree': 0.8, 'model__learning_rate': 0.1, 'model__max_depth': 3, 'model__n_estimators': 200, 'model__reg_lambda': 1.0, 'model__subsample': 1.0}",0.9406057246442039,0.9246805203121612,0.9324279148196866,0.9325713865920173,0.006502228918682149,45
1.2353641192118328,0.07324050635558696,0.0718081792195638,0.015535880591442673,0.8,0.1,3,400,0.5,0.8,"{'model__colsample_bytree': 0.8, 'model__learning_rate': 0.1, 'model__max_depth': 3, 'model__n_estimators': 400, 'model__reg_lambda': 0.5, 'model__subsample': 0.8}",0.946512563339545,0.9368181545890601,0.9423678279186547,0.94189951528242,0.00397155534598326,13
0.7433465321858724,0.03592587188063958,0.05817763010660807,0.0012443462899750307,0.8,0.1,3,400,0.5,1.0,"{'model__colsample_bytree': 0.8, 'model__learning_rate': 0.1, 'model__max_depth': 3, 'model__n_estimators': 400, 'model__reg_lambda': 0.5, 'model__subsample': 1.0}",0.9487242672189836,0.9362695046825508,0.9399897999575766,0.9416611906197035,0.005220181192182061,15
1.2091004848480225,0.04645421836768875,0.06382942199707031,0.0057000723805772655,0.8,0.1,3,400,1.0,0.8,"{'model__colsample_bytree': 0.8, 'model__learning_rate': 0.1, 'model__max_depth': 3, 'model__n_estimators': 400, 'model__reg_lambda': 1.0, 'model__subsample': 0.8}",0.9456468944201786,0.936577795093307,0.9415418058296616,0.9412554984477156,0.0037079751516502293,19
0.7479999860127767,0.013891249519051713,0.058177947998046875,0.0016945001461542888,0.8,0.1,3,400,1.0,1.0,"{'model__colsample_bytree': 0.8, 'model__learning_rate': 0.1, 'model__max_depth': 3, 'model__n_estimators': 400, 'model__reg_lambda': 1.0, 'model__subsample': 1.0}",0.9479690349573984,0.934389587216383,0.9390219702254489,0.9404601974664101,0.005636294494034422,24
0.7742636998494467,0.05964204920346682,0.05119633674621582,0.0012438153238713543,0.8,0.1,4,200,0.5,0.8,"{'model__colsample_bytree': 0.8, 'model__learning_rate': 0.1, 'model__max_depth': 4, 'model__n_estimators': 200, 'model__reg_lambda': 0.5, 'model__subsample': 0.8}",0.9482097378544185,0.9348404284969147,0.9411003292048085,0.941383498518714,0.005461669269824195,16
0.48969101905822754,0.03878954434955861,0.04986731211344401,2.9736021254650284e-07,0.8,0.1,4,200,0.5,1.0,"{'model__colsample_bytree': 0.8, 'model__learning_rate': 0.1, 'model__max_depth': 4, 'model__n_estimators': 200, 'model__reg_lambda': 0.5, 'model__subsample': 1.0}",0.9476605995574217,0.9350584911934331,0.9400568390006099,0.9409253099171547,0.00518131033002856,22
0.734370231628418,0.0737142409135898,0.05119681358337402,0.003390683589941508,0.8,0.1,4,200,1.0,0.8,"{'model__colsample_bytree': 0.8, 'model__learning_rate': 0.1, 'model__max_depth': 4, 'model__n_estimators': 200, 'model__reg_lambda': 1.0, 'model__subsample': 0.8}",0.9469434668287492,0.9338795850952141,0.9403976827382493,0.9404069115540709,0.005333311376948299,26
0.5166192849477133,0.022699283441163308,0.04986723264058431,0.0014105147450967064,0.8,0.1,4,200,1.0,1.0,"{'model__colsample_bytree': 0.8, 'model__learning_rate': 0.1, 'model__max_depth': 4, 'model__n_estimators': 200, 'model__reg_lambda': 1.0, 'model__subsample': 1.0}",0.9488034370086238,0.9321814608654756,0.9389045404161446,0.939963146096748,0.006827054377797271,30
1.3221330642700195,0.014229859395118163,0.07380231221516927,0.002154755965175175,0.8,0.1,4,400,0.5,0.8,"{'model__colsample_bytree': 0.8, 'model__learning_rate': 0.1, 'model__max_depth': 4, 'model__n_estimators': 400, 'model__reg_lambda': 0.5, 'model__subsample': 0.8}",0.9490348563937253,0.9400025834558047,0.9466037738373222,0.9452137378956174,0.0038161619939145438,4
0.9740641911824545,0.0661427727022887,0.08078328768412273,0.0014111330901207513,0.8,0.1,4,400,0.5,1.0,"{'model__colsample_bytree': 0.8, 'model__learning_rate': 0.1, 'model__max_depth': 4, 'model__n_estimators': 400, 'model__reg_lambda': 0.5, 'model__subsample': 1.0}",0.9510807938843491,0.9388886353660234,0.9453272077584538,0.9450988790029421,0.004980045705910769,5
1.480708360671997,0.12425093938583544,0.08045188585917155,0.009403692456214377,0.8,0.1,4,400,1.0,0.8,"{'model__colsample_bytree': 0.8, 'model__learning_rate': 0.1, 'model__max_depth': 4, 'model__n_estimators': 400, 'model__reg_lambda': 1.0, 'model__subsample': 0.8}",0.9487367442590019,0.9394946623692312,0.9455492838788346,0.9445935635023558,0.003833107572437751,6
0.9172149499257406,0.003671857088462777,0.08244633674621582,0.0024878217385119602,0.8,0.1,4,400,1.0,1.0,"{'model__colsample_bytree': 0.8, 'model__learning_rate': 0.1, 'model__max_depth': 4, 'model__n_estimators': 400, 'model__reg_lambda': 1.0, 'model__subsample': 1.0}",0.9512076437912022,0.9383946869403038,0.943850565067783,0.9444842985997629,0.005250027267098242,8
0.7696081797281901,0.007739782570432268,0.04787222544352213,0.004309144030562998,1.0,0.05,3,200,0.5,0.8,"{'model__colsample_bytree': 1.0, 'model__learning_rate': 0.05, 'model__max_depth': 3, 'model__n_estimators': 200, 'model__reg_lambda': 0.5, 'model__subsample': 0.8}",0.9342864009473044,0.9185505356211434,0.9252146772991677,0.9260172046225384,0.0064491550851945734,59
0.5089724858601888,0.03717764121312483,0.05119641621907552,0.0009402681729850089,1.0,0.05,3,200,0.5,1.0,"{'model__colsample_bytree': 1.0, 'model__learning_rate': 0.05, 'model__max_depth': 3, 'model__n_estimators': 200, 'model__reg_lambda': 0.5, 'model__subsample': 1.0}",0.9333055422120545,0.9179312791837231,0.9240669123972136,0.9251012445976637,0.006318985849102994,63
0.6871629556020101,0.06003980883441984,0.04620981216430664,0.0018804238334674435,1.0,0.05,3,200,1.0,0.8,"{'model__colsample_bytree': 1.0, 'model__learning_rate': 0.05, 'model__max_depth': 3, 'model__n_estimators': 200, 'model__reg_lambda': 1.0, 'model__subsample': 0.8}",0.9345063087776273,0.9191938726017377,0.9249813041338415,0.9262271618377355,0.006313044509792788,58
0.4983344078063965,0.0665275156605939,0.05418856938680013,0.0076967143878995115,1.0,0.05,3,200,1.0,1.0,"{'model__colsample_bytree': 1.0, 'model__learning_rate': 0.05, 'model__max_depth': 3, 'model__n_estimators': 200, 'model__reg_lambda': 1.0, 'model__subsample': 1.0}",0.9330433758354789,0.9177752015890781,0.9241895447930062,0.9250027074058543,0.006259670453563022,64
1.2779165108998616,0.05229710354478901,0.07313744227091472,0.009817709786488766,1.0,0.05,3,400,0.5,0.8,"{'model__colsample_bytree': 1.0, 'model__learning_rate': 0.05, 'model__max_depth': 3, 'model__n_estimators': 400, 'model__reg_lambda': 0.5, 'model__subsample': 0.8}",0.9412263088489247,0.9273339880664557,0.9343976140641075,0.9343193036598292,0.005671786524562799,35
0.8038507302602133,0.08640627234823112,0.06283195813496907,0.0035498361505145017,1.0,0.05,3,400,0.5,1.0,"{'model__colsample_bytree': 1.0, 'model__learning_rate': 0.05, 'model__max_depth': 3, 'model__n_estimators': 400, 'model__reg_lambda': 0.5, 'model__subsample': 1.0}",0.941861301064143,0.9243315754041332,0.9311060119157069,0.9324329627946609,0.007217729070613515,48
1.2696059544881184,0.0774759519938465,0.060504913330078125,0.0012440066890808776,1.0,0.05,3,400,1.0,0.8,"{'model__colsample_bytree': 1.0, 'model__learning_rate': 0.05, 'model__max_depth': 3, 'model__n_estimators': 400, 'model__reg_lambda': 1.0, 'model__subsample': 0.8}",0.9411927396698277,0.927289543113314,0.9329408898474199,0.9338077242101872,0.005708956120670954,40
0.8503934542338053,0.019310431735569136,0.0781248410542806,0.007298605959514465,1.0,0.05,3,400,1.0,1.0,"{'model__colsample_bytree': 1.0, 'model__learning_rate': 0.05, 'model__max_depth': 3, 'model__n_estimators': 400, 'model__reg_lambda': 1.0, 'model__subsample': 1.0}",0.9423383250405579,0.9243020693064788,0.9308195723682011,0.9324866555717458,0.007457032699938633,47
0.7519896030426025,0.041625776314464236,0.0561837355295817,0.0016939080743119197,1.0,0.05,4,200,0.5,0.8,"{'model__colsample_bytree': 1.0, 'model__learning_rate': 0.05, 'model__max_depth': 4, 'model__n_estimators': 200, 'model__reg_lambda': 0.5, 'model__subsample': 0.8}",0.9413274619947876,0.9275336187422731,0.9327165840471159,0.9338592215947256,0.005688980186444666,38
0.5219387213389078,0.03527388393323228,0.054853598276774086,0.002155013581190427,1.0,0.05,4,200,0.5,1.0,"{'model__colsample_bytree': 1.0, 'model__learning_rate': 0.05, 'model__max_depth': 4, 'model__n_estimators': 200, 'model__reg_lambda': 0.5, 'model__subsample': 1.0}",0.9382936102998559,0.9257940967886217,0.9293238287528524,0.9311371786137767,0.005261535757613452,56
0.737030029296875,0.031072332569285772,0.0578454335530599,0.0024427908608000842,1.0,0.05,4,200,1.0,0.8,"{'model__colsample_bytree': 1.0, 'model__learning_rate': 0.05, 'model__max_depth': 4, 'model__n_estimators': 200, 'model__reg_lambda': 1.0, 'model__subsample': 0.8}",0.9413286502843132,0.9257720229573791,0.9315564815829181,0.9328857182748701,0.006420141020502157,44
0.5166200796763102,0.01761618702091783,0.05418721834818522,0.001880648616654684,1.0,0.05,4,200,1.0,1.0,"{'model__colsample_bytree': 1.0, 'model__learning_rate': 0.05, 'model__max_depth': 4, 'model__n_estimators': 200, 'model__reg_lambda': 1.0, 'model__subsample': 1.0}",0.9389493975817714,0.9247668832478648,0.9297960749606499,0.9311707852634287,0.005871019191491445,54
1.447131077448527,0.02484686569519487,0.0794540246327718,0.005171699294940519,1.0,0.05,4,400,0.5,0.8,"{'model__colsample_bytree': 1.0, 'model__learning_rate': 0.05, 'model__max_depth': 4, 'model__n_estimators': 400, 'model__reg_lambda': 0.5, 'model__subsample': 0.8}",0.9464041319203382,0.9352587164505635,0.9422395470003891,0.9413007984570969,0.004598261129247561,18
0.9843675295511881,0.0763380702168158,0.08011953035990398,0.007114526775865363,1.0,0.05,4,400,0.5,1.0,"{'model__colsample_bytree': 1.0, 'model__learning_rate': 0.05, 'model__max_depth': 4, 'model__n_estimators': 400, 'model__reg_lambda': 0.5, 'model__subsample': 1.0}",0.948013670082702,0.9332298563655057,0.9387343415153172,0.9399926226545082,0.006100696166565652,29
1.4295111497243245,0.044730829072661765,0.08144934972127278,0.007298689225891027,1.0,0.05,4,400,1.0,0.8,"{'model__colsample_bytree': 1.0, 'model__learning_rate': 0.05, 'model__max_depth': 4, 'model__n_estimators': 400, 'model__reg_lambda': 1.0, 'model__subsample': 0.8}",0.9465174650338379,0.9351730967415011,0.9412097321663884,0.9409667646472425,0.004634504497035577,21
0.9561104774475098,0.014159275393501007,0.0797869364420573,0.005085339577859178,1.0,0.05,4,400,1.0,1.0,"{'model__colsample_bytree': 1.0, 'model__learning_rate': 0.05, 'model__max_depth': 4, 'model__n_estimators': 400, 'model__reg_lambda': 1.0, 'model__subsample': 1.0}",0.9471444362947589,0.9323779699893999,0.9392122362455876,0.9395782141765822,0.00603393661834497,31
0.7064443429311117,0.02416097817307512,0.04820442199707031,0.0012436879033719166,1.0,0.1,3,200,0.5,0.8,"{'model__colsample_bytree': 1.0, 'model__learning_rate': 0.1, 'model__max_depth': 3, 'model__n_estimators': 200, 'model__reg_lambda': 0.5, 'model__subsample': 0.8}",0.9418342674774367,0.9286637691728319,0.9339348811573168,0.9348109726025284,0.005412402951442755,33
0.47439829508463544,0.00463042031042195,0.04920220375061035,0.002048776893648804,1.0,0.1,3,200,0.5,1.0,"{'model__colsample_bytree': 1.0, 'model__learning_rate': 0.1, 'model__max_depth': 3, 'model__n_estimators': 200, 'model__reg_lambda': 0.5, 'model__subsample': 1.0}",0.9401757123721437,0.9254058351912761,0.9312719001020152,0.932284482555145,0.006072139128992814,49
0.7058336734771729,0.02360139798478851,0.05388538042704264,0.004477102400787279,1.0,0.1,3,200,1.0,0.8,"{'model__colsample_bytree': 1.0, 'model__learning_rate': 0.1, 'model__max_depth': 3, 'model__n_estimators': 200, 'model__reg_lambda': 1.0, 'model__subsample': 0.8}",0.9414624813921287,0.9277103580375428,0.933899280601205,0.9343573733436253,0.005623617513690574,34
0.5116318066914877,0.02365731012452022,0.054742018381754555,0.010000146161686027,1.0,0.1,3,200,1.0,1.0,"{'model__colsample_bytree': 1.0, 'model__learning_rate': 0.1, 'model__max_depth': 3, 'model__n_estimators': 200, 'model__reg_lambda': 1.0, 'model__subsample': 1.0}",0.9403587089590791,0.9241922947315786,0.9308564364096029,0.9318024800334203,0.006633726260426436,52
1.2684281667073567,0.024325892870099043,0.0718083381652832,0.00354932259699854,1.0,0.1,3,400,0.5,0.8,"{'model__colsample_bytree': 1.0, 'model__learning_rate': 0.1, 'model__max_depth': 3, 'model__n_estimators': 400, 'model__reg_lambda': 0.5, 'model__subsample': 0.8}",0.947134632906173,0.93834370159272,0.9415431436376158,0.9423404927121696,0.003632899897646586,9
0.809366782506307,0.02116568629168699,0.06478277842203777,0.003554344738766121,1.0,0.1,3,400,0.5,1.0,"{'model__colsample_bytree': 1.0, 'model__learning_rate': 0.1, 'model__max_depth': 3, 'model__n_estimators': 400, 'model__reg_lambda': 0.5, 'model__subsample': 1.0}",0.9479753477455028,0.9360087807768296,0.9397173330709248,0.9412338205310857,0.0050016318614731214,20
1.3382404645284016,0.0430079500299331,0.06216764450073242,0.001695435313654512,1.0,0.1,3,400,1.0,0.8,"{'model__colsample_bytree': 1.0, 'model__learning_rate': 0.1, 'model__max_depth': 3, 'model__n_estimators': 400, 'model__reg_lambda': 1.0, 'model__subsample': 0.8}",0.9467389324941633,0.9372392668039455,0.9422490603013961,0.9420757531998349,0.0038801579495396634,11
0.8503305912017822,0.005705624902991869,0.06515940030415852,0.005235160900596124,1.0,0.1,3,400,1.0,1.0,"{'model__colsample_bytree': 1.0, 'model__learning_rate': 0.1, 'model__max_depth': 3, 'model__n_estimators': 400, 'model__reg_lambda': 1.0, 'model__subsample': 1.0}",0.9477244701194202,0.934533029958128,0.93948633823085,0.9405812794361328,0.005440753352524342,23
0.8212699095408121,0.0415259760855572,0.06682165463765462,0.0057000723983059816,1.0,0.1,4,200,0.5,0.8,"{'model__colsample_bytree': 1.0, 'model__learning_rate': 0.1, 'model__max_depth': 4, 'model__n_estimators': 200, 'model__reg_lambda': 0.5, 'model__subsample': 0.8}",0.9481363609762155,0.9353254582029404,0.9423600983615866,0.9419406391802475,0.0052384327790019804,12
0.5373396873474121,0.017875037527061634,0.05352425575256348,0.001243560408869475,1.0,0.1,4,200,0.5,1.0,"{'model__colsample_bytree': 1.0, 'model__learning_rate': 0.1, 'model__max_depth': 4, 'model__n_estimators': 200, 'model__reg_lambda': 0.5, 'model__subsample': 1.0}",0.9476406957078684,0.932419293390649,0.9401800659777153,0.9400800183587442,0.006214514154794352,28
0.7795818646748861,0.009782755860477884,0.056183179219563804,0.003082720852336777,1.0,0.1,4,200,1.0,0.8,"{'model__colsample_bytree': 1.0, 'model__learning_rate': 0.1, 'model__max_depth': 4, 'model__n_estimators': 200, 'model__reg_lambda': 1.0, 'model__subsample': 0.8}",0.9471493379890518,0.9348263071907326,0.9420369434180071,0.9413375295325972,0.005055106781029069,17
0.5385603904724121,0.027829508074527463,0.06449429194132487,0.009850981537086983,1.0,0.1,4,200,1.0,1.0,"{'model__colsample_bytree': 1.0, 'model__learning_rate': 0.1, 'model__max_depth': 4, 'model__n_estimators': 200, 'model__reg_lambda': 1.0, 'model__subsample': 1.0}",0.9488750314525383,0.9329831051206383,0.9393860026342925,0.9404147130691564,0.00652850235524872,25
1.2134214242299397,0.03717720345583425,0.04487999280293783,0.0028204109082305396,1.0,0.1,4,400,0.5,0.8,"{'model__colsample_bytree': 1.0, 'model__learning_rate': 0.1, 'model__max_depth': 4, 'model__n_estimators': 400, 'model__reg_lambda': 0.5, 'model__subsample': 0.8}",0.9497224304204493,0.939465230594241,0.9466925894209418,0.9452934168118774,0.004302774303567338,3
0.851390520731608,0.03464742414475523,0.06183497111002604,0.0042309254467920165,1.0,0.1,4,400,0.5,1.0,"{'model__colsample_bytree': 1.0, 'model__learning_rate': 0.1, 'model__max_depth': 4, 'model__n_estimators': 400, 'model__reg_lambda': 0.5, 'model__subsample': 1.0}",0.9514720382106379,0.9390646314346518,0.9470717093306009,0.9458694596586302,0.005136145697019086,1
1.140616496404012,0.005421553159036849,0.041223764419555664,0.004770929715291237,1.0,0.1,4,400,1.0,0.8,"{'model__colsample_bytree': 1.0, 'model__learning_rate': 0.1, 'model__max_depth': 4, 'model__n_estimators': 400, 'model__reg_lambda': 1.0, 'model__subsample': 0.8}",0.9490849130899894,0.9384471587411701,0.9462403360097916,0.9445908026136504,0.004496752510808582,7
0.7460046609242758,0.03931612471265236,0.048537492752075195,0.0028597230011050447,1.0,0.1,4,400,1.0,1.0,"{'model__colsample_bytree': 1.0, 'model__learning_rate': 0.1, 'model__max_depth': 4, 'model__n_estimators': 400, 'model__reg_lambda': 1.0, 'model__subsample': 1.0}",0.9517110329414651,0.9391591698634083,0.9455635538303448,0.945477918878406,0.005124634405907503,2
